{"cameraMode":{"drawMode":0,"name":"Shaded","section":"Shading Mode"},"sceneLighting":true,"audioPlay":false,"sceneViewState":{"m_AlwaysRefresh":false,"showFog":true,"showSkybox":true,"showFlares":true,"showImageEffects":true,"showParticleSystems":true,"showVisualEffectGraphs":true,"m_FxEnabled":true},"in2DMode":false,"pivot":{"x":1934.3956298828125,"y":1075.0430908203125,"z":-8.63602066040039},"rotation":{"x":0.020101357251405717,"y":-0.006879734806716442,"z":-0.00027129941736347973,"w":-0.9998229742050171},"size":840.4747314453125,"orthographic":false}